,fpr,thr,tpr
0,0.0,2,0.0
1,0.2103448275862069,1,0.996551724137931
2,1.0,0,1.0
