,fpr,thr,tpr
0,0.0,2,0.0
1,0.3150684931506849,1,0.44680851063829785
2,1.0,0,1.0
