,fpr,thr,tpr
0,0.0,2,0.0
1,0.04498269896193772,1,0.916955017301038
2,1.0,0,1.0
