,fpr,thr,tpr
0,0.0,2,0.0
1,0.08275862068965517,1,0.9862068965517241
2,1.0,0,1.0
