,fpr,thr,tpr
0,0.0,2,0.0
1,0.12110726643598616,1,0.9757785467128027
2,1.0,0,1.0
