,fpr,thr,tpr
0,0.0,2,0.0
1,0.2602739726027397,1,0.851063829787234
2,1.0,0,1.0
