,fpr,thr,tpr
0,0.0,2,0.0
1,0.017241379310344827,1,0.9758620689655172
2,1.0,0,1.0
