,fpr,thr,tpr
0,0.0,2,0.0
1,0.03333333333333333,1,0.3728813559322034
2,1.0,0,1.0
