,fpr,thr,tpr
0,0.0,2,0.0
1,0.17777777777777778,1,0.6610169491525424
2,1.0,0,1.0
