,fpr,thr,tpr
0,0.0,2,0.0
1,0.0958904109589041,1,0.2978723404255319
2,1.0,0,1.0
