,fpr,thr,tpr
0,0.0,2,0.0
1,0.06206896551724138,1,0.9689655172413794
2,1.0,0,1.0
