,fpr,thr,tpr
0,0.0,2,0.0
1,0.136986301369863,1,0.6382978723404256
2,1.0,0,1.0
