,fpr,thr,tpr
0,0.0,2,0.0
1,0.1527777777777778,1,0.5106382978723404
2,1.0,0,1.0
