,fpr,thr,tpr
0,0.0,2,0.0
1,0.06944444444444445,1,0.425531914893617
2,1.0,0,1.0
