,fpr,thr,tpr
0,0.0,2,0.0
1,0.26666666666666666,1,0.6101694915254238
2,1.0,0,1.0
