,fpr,thr,tpr
0,0.0,2,0.0
1,0.3333333333333333,1,0.8085106382978723
2,1.0,0,1.0
