,fpr,thr,tpr
0,0.0,2,0.0
1,0.5222222222222223,1,0.864406779661017
2,1.0,0,1.0
