,fpr,thr,tpr
0,0.0,2,0.0
1,0.3333333333333333,1,0.7627118644067796
2,1.0,0,1.0
