,fpr,thr,tpr
0,0.0,2,0.0
1,0.18339100346020762,1,0.9965397923875432
2,1.0,0,1.0
