,fpr,thr,tpr
0,0.0,2,0.0
1,0.19444444444444445,1,0.5531914893617021
2,1.0,0,1.0
