,fpr,thr,tpr
0,0.0,2,0.0
1,0.19655172413793104,1,0.9310344827586207
2,1.0,0,1.0
