,fpr,thr,tpr
0,0.0,2,0.0
1,0.3561643835616438,1,0.7872340425531915
2,1.0,0,1.0
