,fpr,thr,tpr
0,0.0,2,0.0
1,0.1413793103448276,1,0.9137931034482759
2,1.0,0,1.0
