,fpr,thr,tpr
0,0.0,2,0.0
1,0.7222222222222222,1,0.9322033898305084
2,1.0,0,1.0
