,fpr,thr,tpr
0,0.0,2,0.0
1,0.20833333333333334,1,0.46808510638297873
2,1.0,0,1.0
