,fpr,thr,tpr
0,0.0,2,0.0
1,0.05172413793103448,1,0.9551724137931035
2,1.0,0,1.0
