,fpr,thr,tpr
0,0.0,2,0.0
1,0.4888888888888889,1,0.847457627118644
2,1.0,0,1.0
