,fpr,thr,tpr
0,0.0,2,0.0
1,0.2975778546712803,1,0.9930795847750865
2,1.0,0,1.0
