,fpr,thr,tpr
0,0.0,2,0.0
1,0.2111111111111111,1,0.4915254237288136
2,1.0,0,1.0
