,fpr,thr,tpr
0,0.0,2,0.0
1,0.2328767123287671,1,0.5957446808510638
2,1.0,0,1.0
