,fpr,thr,tpr
0,0.0,2,0.0
1,0.02413793103448276,1,0.9413793103448276
2,1.0,0,1.0
