,fpr,thr,tpr
0,0.0,2,0.0
1,0.03806228373702422,1,0.9273356401384083
2,1.0,0,1.0
