,fpr,thr,tpr
0,0.0,2,0.0
1,0.020689655172413793,1,0.9689655172413794
2,1.0,0,1.0
