,fpr,thr,tpr
0,0.0,2,0.0
1,0.04152249134948097,1,0.9307958477508651
2,1.0,0,1.0
