,fpr,thr,tpr
0,0.0,2,0.0
1,0.25555555555555554,1,0.6779661016949152
2,1.0,0,1.0
