,fpr,thr,tpr
0,0.0,2,0.0
1,0.35555555555555557,1,0.8135593220338984
2,1.0,0,1.0
