,fpr,thr,tpr
0,0.0,2,0.0
1,0.13448275862068965,1,0.9551724137931035
2,1.0,0,1.0
