,fpr,thr,tpr
0,0.0,2,0.0
1,0.07241379310344828,1,0.9758620689655172
2,1.0,0,1.0
