,fpr,thr,tpr
0,0.0,2,0.0
1,0.4666666666666667,1,0.8305084745762712
2,1.0,0,1.0
