,fpr,thr,tpr
0,0.0,2,0.0
1,0.17993079584775087,1,0.5467128027681661
2,1.0,0,1.0
