,fpr,thr,tpr
0,0.0,2,0.0
1,0.022222222222222223,1,0.03389830508474576
2,1.0,0,1.0
