,fpr,thr,tpr
0,0.0,2,0.0
1,0.13333333333333333,1,0.5254237288135594
2,1.0,0,1.0
