,fpr,thr,tpr
0,0.0,2,0.0
1,0.027777777777777776,1,0.02127659574468085
2,1.0,0,1.0
