,fpr,thr,tpr
0,0.0,2,0.0
1,0.28888888888888886,1,0.6271186440677966
2,1.0,0,1.0
