,fpr,thr,tpr
0,0.0,2,0.0
1,0.010344827586206896,1,0.8724137931034482
2,1.0,0,1.0
