,fpr,thr,tpr
0,0.0,2,0.0
1,0.1522491349480969,1,0.9653979238754326
2,1.0,0,1.0
