,fpr,thr,tpr
0,0.0,2,0.0
1,0.2328767123287671,1,0.8085106382978723
2,1.0,0,1.0
