,fpr,thr,tpr
0,0.0,2,0.0
1,0.08304498269896193,1,0.9965397923875432
2,1.0,0,1.0
