,fpr,thr,tpr
0,0.0,2,0.0
1,0.20833333333333334,1,0.5319148936170213
2,1.0,0,1.0
