,fpr,thr,tpr
0,0.0,2,0.0
1,0.10344827586206896,1,0.8620689655172413
2,1.0,0,1.0
