,accuracy,f1_C0,f1_C1,precision_C0,precision_C1,recall_C0,recall_C1,roc_auc
0,0.7060402684563758,0.7388172074184769,0.6569617149291319,0.7970191463338335,0.6159327577184719,0.6977777777777778,0.7186440677966102,0.796045197740113
1,0.7181208053691275,0.7797700335258652,0.5999139948827727,0.7404605991561576,0.6917578988452083,0.828888888888889,0.5491525423728814,0.7933333333333332
2,0.7140939597315435,0.75950537370532,0.6448438176083442,0.7712796720004494,0.6390819002812027,0.7511111111111111,0.6576271186440678,0.792165725047081
3,0.7140939597315437,0.7456154660597294,0.6709230382819092,0.8033029755632496,0.6213407292883344,0.7,0.735593220338983,0.7888512241054613
4,0.6966442953020133,0.7331836741592839,0.6411580437962148,0.7820703161932546,0.6074532354353941,0.7,0.6915254237288135,0.7826930320150659
