,fpr,thr,tpr
0,0.0,2,0.0
1,0.18055555555555555,1,0.7021276595744681
2,1.0,0,1.0
