,fpr,thr,tpr
0,0.0,2,0.0
1,0.07612456747404844,1,0.9584775086505191
2,1.0,0,1.0
