,fpr,thr,tpr
0,0.0,2,0.0
1,0.1917808219178082,1,0.6808510638297872
2,1.0,0,1.0
