,fpr,thr,tpr
0,0.0,2,0.0
1,0.07586206896551724,1,0.9896551724137931
2,1.0,0,1.0
