,fpr,thr,tpr
0,0.0,2,0.0
1,0.09342560553633218,1,0.9688581314878892
2,1.0,0,1.0
