,fpr,thr,tpr
0,0.0,2,0.0
1,0.07931034482758621,1,0.9620689655172414
2,1.0,0,1.0
