,fpr,thr,tpr
0,0.0,2,0.0
1,0.08304498269896193,1,0.9896193771626297
2,1.0,0,1.0
