,fpr,thr,tpr
0,0.0,2,0.0
1,0.8555555555555555,1,0.9152542372881356
2,1.0,0,1.0
