,fpr,thr,tpr
0,0.0,2,0.0
1,0.8131487889273357,1,0.972318339100346
2,1.0,0,1.0
