,fpr,thr,tpr
0,0.0,2,0.0
1,0.9758620689655172,1,0.993103448275862
2,1.0,0,1.0
