,fpr,thr,tpr
0,0.0,2,0.0
1,0.011111111111111112,1,0.03389830508474576
2,1.0,0,1.0
