,fpr,thr,tpr
0,0.0,2,0.0
1,0.410958904109589,1,0.9148936170212766
2,1.0,0,1.0
