,fpr,thr,tpr
0,0.0,2,0.0
1,0.020761245674740483,1,0.7854671280276817
2,1.0,0,1.0
