,fpr,thr,tpr
0,0.0,2,0.0
1,0.36666666666666664,1,0.7796610169491526
2,1.0,0,1.0
