,fpr,thr,tpr
0,0.0,2,0.0
1,0.13333333333333333,1,0.4576271186440678
2,1.0,0,1.0
