,fpr,thr,tpr
0,0.0,2,0.0
1,0.3055555555555556,1,0.8085106382978723
2,1.0,0,1.0
