,fpr,thr,tpr
0,0.0,2,0.0
1,0.2111111111111111,1,0.7457627118644068
2,1.0,0,1.0
