,fpr,thr,tpr
0,0.0,2,0.0
1,0.16608996539792387,1,0.9826989619377162
2,1.0,0,1.0
