,fpr,thr,tpr
0,0.0,2,0.0
1,0.34444444444444444,1,0.7627118644067796
2,1.0,0,1.0
