,fpr,thr,tpr
0,0.0,2,0.0
1,0.3835616438356164,1,0.7872340425531915
2,1.0,0,1.0
