,fpr,thr,tpr
0,0.0,2,0.0
1,0.08650519031141868,1,0.9930795847750865
2,1.0,0,1.0
