,fpr,thr,tpr
0,0.0,2,0.0
1,0.1917808219178082,1,0.3191489361702128
2,1.0,0,1.0
