,fpr,thr,tpr
0,0.0,2,0.0
1,0.4861111111111111,1,0.9574468085106383
2,1.0,0,1.0
