,fpr,thr,tpr
0,0.0,2,0.0
1,0.2103448275862069,1,0.7379310344827587
2,1.0,0,1.0
