,fpr,thr,tpr
0,0.0,2,0.0
1,0.08888888888888889,1,0.3389830508474576
2,1.0,0,1.0
