,fpr,thr,tpr
0,0.0,2,0.0
1,0.2111111111111111,1,0.559322033898305
2,1.0,0,1.0
