,fpr,thr,tpr
0,0.0,2,0.0
1,0.10380622837370242,1,0.6332179930795848
2,1.0,0,1.0
