,fpr,thr,tpr
0,0.0,2,0.0
1,0.1232876712328767,1,0.40425531914893614
2,1.0,0,1.0
