,fpr,thr,tpr
0,0.0,2,0.0
1,0.17647058823529413,1,0.9965397923875432
2,1.0,0,1.0
