,fpr,thr,tpr
0,0.0,2,0.0
1,0.4931506849315068,1,0.6808510638297872
2,1.0,0,1.0
