,fpr,thr,tpr
0,0.0,2,0.0
1,0.17586206896551723,1,0.9586206896551724
2,1.0,0,1.0
