,fpr,thr,tpr
0,0.0,2,0.0
1,0.2222222222222222,1,0.559322033898305
2,1.0,0,1.0
