,fpr,thr,tpr
0,0.0,2,0.0
1,0.13494809688581316,1,0.9515570934256056
2,1.0,0,1.0
