,fpr,thr,tpr
0,0.0,2,0.0
1,0.3888888888888889,1,0.7659574468085106
2,1.0,0,1.0
