,fpr,thr,tpr
0,0.0,2,0.0
1,0.3333333333333333,1,0.6382978723404256
2,1.0,0,1.0
