,fpr,thr,tpr
0,0.0,2,0.0
1,0.006920415224913495,1,0.6920415224913494
2,1.0,0,1.0
