,fpr,thr,tpr
0,0.0,2,0.0
1,0.05555555555555555,1,0.3389830508474576
2,1.0,0,1.0
