,fpr,thr,tpr
0,0.0,2,0.0
1,0.2361111111111111,1,0.5106382978723404
2,1.0,0,1.0
