,fpr,thr,tpr
0,0.0,2,0.0
1,0.18888888888888888,1,0.5423728813559322
2,1.0,0,1.0
