,fpr,thr,tpr
0,0.0,2,0.0
1,0.01384083044982699,1,0.986159169550173
2,1.0,0,1.0
