,fpr,thr,tpr
0,0.0,2,0.0
1,0.1780821917808219,1,0.2553191489361702
2,1.0,0,1.0
