,fpr,thr,tpr
0,0.0,2,0.0
1,0.0726643598615917,1,0.9480968858131488
2,1.0,0,1.0
