,fpr,thr,tpr
0,0.0,2,0.0
1,0.0821917808219178,1,0.6170212765957447
2,1.0,0,1.0
