,fpr,thr,tpr
0,0.0,2,0.0
1,0.006896551724137931,1,0.8896551724137931
2,1.0,0,1.0
