,fpr,thr,tpr
0,0.0,2,0.0
1,0.03460207612456748,1,0.8373702422145328
2,1.0,0,1.0
