,fpr,thr,tpr
0,0.0,2,0.0
1,0.11379310344827587,1,0.993103448275862
2,1.0,0,1.0
