,fpr,thr,tpr
0,0.0,2,0.0
1,0.18888888888888888,1,0.4576271186440678
2,1.0,0,1.0
