,fpr,thr,tpr
0,0.0,2,0.0
1,0.1506849315068493,1,0.5531914893617021
2,1.0,0,1.0
