,fpr,thr,tpr
0,0.0,2,0.0
1,0.020761245674740483,1,0.8927335640138409
2,1.0,0,1.0
