,fpr,thr,tpr
0,0.0,2,0.0
1,0.08275862068965517,1,0.9896551724137931
2,1.0,0,1.0
