,fpr,thr,tpr
0,0.0,2,0.0
1,0.034482758620689655,1,0.9689655172413794
2,1.0,0,1.0
