,fpr,thr,tpr
0,0.0,2,0.0
1,0.18055555555555555,1,0.7446808510638298
2,1.0,0,1.0
