,fpr,thr,tpr
0,0.0,2,0.0
1,0.3287671232876712,1,0.8297872340425532
2,1.0,0,1.0
