,fpr,thr,tpr
0,0.0,2,0.0
1,0.14878892733564014,1,0.9792387543252595
2,1.0,0,1.0
