,fpr,thr,tpr
0,0.0,2,0.0
1,0.18888888888888888,1,0.5084745762711864
2,1.0,0,1.0
