,fpr,thr,tpr
0,0.0,2,0.0
1,0.10726643598615918,1,0.903114186851211
2,1.0,0,1.0
