,fpr,thr,tpr
0,0.0,2,0.0
1,0.13494809688581316,1,0.9550173010380623
2,1.0,0,1.0
