,fpr,thr,tpr
0,0.0,2,0.0
1,0.24444444444444444,1,0.6610169491525424
2,1.0,0,1.0
