,fpr,thr,tpr
0,0.0,2,0.0
1,0.273972602739726,1,0.851063829787234
2,1.0,0,1.0
