,fpr,thr,tpr
0,0.0,2,0.0
1,0.9777777777777777,1,0.9830508474576272
2,1.0,0,1.0
