,fpr,thr,tpr
0,0.0,2,0.0
1,0.11724137931034483,1,0.9793103448275862
2,1.0,0,1.0
