,fpr,thr,tpr
0,0.0,2,0.0
1,0.4666666666666667,1,0.9152542372881356
2,1.0,0,1.0
