,fpr,thr,tpr
0,0.0,2,0.0
1,0.05517241379310345,1,0.8862068965517241
2,1.0,0,1.0
