,fpr,thr,tpr
0,0.0,2,0.0
1,0.3424657534246575,1,0.7872340425531915
2,1.0,0,1.0
