,fpr,thr,tpr
0,0.0,2,0.0
1,0.2916666666666667,1,0.6170212765957447
2,1.0,0,1.0
