,fpr,thr,tpr
0,0.0,2,0.0
1,0.2777777777777778,1,0.711864406779661
2,1.0,0,1.0
