,fpr,thr,tpr
0,0.0,2,0.0
1,0.29310344827586204,1,0.9344827586206896
2,1.0,0,1.0
