,fpr,thr,tpr
0,0.0,2,0.0
1,0.22491349480968859,1,0.9619377162629758
2,1.0,0,1.0
