,fpr,thr,tpr
0,0.0,2,0.0
1,0.27241379310344827,1,0.996551724137931
2,1.0,0,1.0
