,fpr,thr,tpr
0,0.0,2,0.0
1,0.13333333333333333,1,0.559322033898305
2,1.0,0,1.0
