,fpr,thr,tpr
0,0.0,2,0.0
1,0.19444444444444445,1,0.574468085106383
2,1.0,0,1.0
