,fpr,thr,tpr
0,0.0,2,0.0
1,0.07777777777777778,1,0.5423728813559322
2,1.0,0,1.0
