,fpr,thr,tpr
0,0.0,2,0.0
1,0.5753424657534246,1,0.723404255319149
2,1.0,0,1.0
