,fpr,thr,tpr
0,0.0,2,0.0
1,0.027586206896551724,1,0.9758620689655172
2,1.0,0,1.0
