,fpr,thr,tpr
0,0.0,2,0.0
1,0.28888888888888886,1,0.6949152542372882
2,1.0,0,1.0
