,fpr,thr,tpr
0,0.0,2,0.0
1,0.05862068965517241,1,0.8068965517241379
2,1.0,0,1.0
