,accuracy,f1_C0,f1_C1,precision_C0,precision_C1,recall_C0,recall_C1,roc_auc
0,0.7248322147651006,0.7711578795604112,0.641870956867292,0.778070824524313,0.6709511256979611,0.7777777777777778,0.6440677966101696,0.772316384180791
1,0.7248322147651007,0.778619446755496,0.6321267086787504,0.7586347660939255,0.6755375618533513,0.8044444444444444,0.6033898305084746,0.7722033898305085
3,0.712751677852349,0.7657078320549077,0.6269752627650831,0.7579179651004093,0.6414266324171984,0.7755555555555556,0.6169491525423729,0.7705084745762711
2,0.708724832214765,0.7478408628245433,0.6511431342525811,0.7844823567547504,0.6224352792630025,0.72,0.6915254237288135,0.7682109227871939
4,0.5114093959731544,0.3306653421096013,0.4774083150404028,0.8685491216655823,0.48446742377930657,0.38,0.711864406779661,0.5558380414312618
